Row,AUC_train,accuracy_train,sensitivity_train,specificity_train
Top Five,0.821428571428572,0.758333333333333,0.743589743589744,0.785714285714286
All,0.891941391941392,0.825,0.807692307692308,0.857142857142857
